VariantID	Chromosome	Start	End	Type	Classification	Total score	1A-B	2A	2B	2C	2D	2E	2F	2G	2H	2I	2J	2K	2L	3	4A	4B	4C	4D	4E	4F-H	4I	4J	4K	4L	4M	4N	4O	5A	5B	5C	5D	5E	5F	5G	5H	Known or predicted dosage-sensitive genes	All protein coding genes
chr10_100288396_101828259_DEL	chr10	100288396	101828259	DEL	Pathogenic	1.45	0.0	1.0	0.0	0.0	0.0	0.0	0.0	0.0	0.0	0.0	0.0	0.0	0.0	0.45	0.0	0.0	0.0	0.0	0.0	0.0	0.0	0.0	0.0	0.0	0.0	0.0	0.0	0.0	0.0	0.0	0.0	0.0	0.0	0.0	0.0	PAX2	PKD2L1, SCD, WNT8B, SEC31B, NDUFB8, HIF1AN, PAX2, SLF2, SEMA4G, MRPL43, TWNK, LZTS2, PDZD7, SFXN3, KAZALD1, TLX1, LBX1, BTRC, POLL, DPCD, FBXW4, FGF8, NPM3, OGA, KCNIP2
chr10_6826905_8074024_DEL	chr10	6826905	8074024	DEL	Likely pathogenic	0.90	0.0	0.0	0.0	0.9	0.0	0.0	0.0	0.0	0.0	0.0	0.0	0.0	0.0	0.0	0.0	0.0	0.0	0.0	0.0	0.0	0.0	0.0	0.0	0.0	0.0	0.0	0.0	0.0	0.0	0.0	0.0	0.0	0.0	0.0	0.0	GATA3	SFMBT2, ITIH5, ITIH2, KIN, ATP5F1C, TAF3, GATA3
chr10_68346007_73250992_DEL	chr10	68346007	73250992	DEL	Likely pathogenic	0.90	0.0	0.0	0.0	0.0	0.0	0.0	0.0	0.0	0.0	0.0	0.0	0.0	0.0	0.9	0.0	0.0	0.0	0.0	0.0	0.0	0.0	0.0	0.0	0.0	0.0	0.0	0.0	0.0	0.0	0.0	0.0	0.0	0.0	0.0	0.0		RUFY2, DNA2, SLC25A16, TET1, CCAR1, STOX1, DDX50, DDX21, KIFBP, SRGN, VPS26A, SUPV3L1, HKDC1, HK1, TACR2, TSPAN15, NEUROG3, FAM241B, COL13A1, MACROH2A2, AIFM2, TYSND1, SAR1A, PPA1, NPFFR1, LRRC20, EIF4EBP2, NODAL, PALD1, PRF1, ADAMTS14, TBATA, SGPL1, PCBD1, UNC5B, SLC29A3, CDH23, C10orf105, VSIR, PSAP, CHST3, SPOCK2, ASCC1, ANAPC16, DDIT4, DNAJB12, MICU1, MCU, OIT3, PLA2G12B, P4HA1, NUDT13, ECD, FAM149B1, DNAJC9, MRPS16
chr10_73788747_75235929_DEL	chr10	73788747	75235929	DEL	Pathogenic	1.15	0.0	1.0	0.0	0.0	0.0	0.0	0.0	0.0	0.15	0.0	0.0	0.0	0.0	0.0	0.0	0.0	0.0	0.0	0.0	0.0	0.0	0.0	0.0	0.0	0.0	0.0	0.0	0.0	0.0	0.0	0.0	0.0	0.0	0.0	0.0	CAMK2G, KAT6B	ZSWIM8, NDST2, CAMK2G, PLAU, VCL, AP3M1, ADK, KAT6B, DUPD1, DUSP13, SAMD8, VDAC2, COMTD1
chr14_19975519_21724322_DEL	chr14	19975519	21724322	DEL	Pathogenic	2.05	0.0	1.0	0.0	0.0	0.0	0.0	0.0	0.0	0.15	0.0	0.0	0.0	0.0	0.9	0.0	0.0	0.0	0.0	0.0	0.0	0.0	0.0	0.0	0.0	0.0	0.0	0.0	0.0	0.0	0.0	0.0	0.0	0.0	0.0	0.0	CHD8, HNRNPC	OR4K15, OR4Q2, OR4K14, OR4K13, OR4L1, OR4K17, OR4N5, OR11G2, OR11H6, OR11H7, OR11H4, TTC5, CCNB1IP1, PARP2, TEP1, KLHL33, OSGEP, APEX1, PIP4P1, PNP, RNASE10, RNASE9, RNASE11, RNASE12, OR6S1, RNASE4, ANG, EDDM3A, EDDM3B, RNASE6, RNASE1, RNASE3, RNASE2, METTL17, SLC39A2, NDRG2, TPPP2, RNASE13, RNASE7, RNASE8, ARHGEF40, ZNF219, TMEM253, OR5AU1, HNRNPC, RPGRIP1, SUPT16H, CHD8, RAB2B, TOX4, METTL3, SALL2, OR10G3, OR10G2, OR4E2, OR4E1
chr14_49598400_51025361_DEL	chr14	49598400	51025361	DEL	Uncertain significance	0.00	0.0	0.0	0.0	0.0	0.0	0.0	0.0	0.0	0.0	0.0	0.0	0.0	0.0	0.0	0.0	0.0	0.0	0.0	0.0	0.0	0.0	0.0	0.0	0.0	0.0	0.0	0.0	0.0	0.0	0.0	0.0	0.0	0.0	0.0	0.0		LRR1, RPL36AL, MGAT2, DNAAF2, POLE2, KLHDC1, KLHDC2, NEMF, ARF6, VCPKMT, SOS2, L2HGDH, DMAC2L, CDKL1, MAP4K5, ATL1, SAV1, NIN, ABHD12B, PYGL, TRIM9
chr15_39581892_45691031_DEL	chr15	39581892	45691031	DEL	Pathogenic	1.05	0.0	0.0	0.0	0.0	0.0	0.0	0.0	0.0	0.15	0.0	0.0	0.0	0.0	0.9	0.0	0.0	0.0	0.0	0.0	0.0	0.0	0.0	0.0	0.0	0.0	0.0	0.0	0.0	0.0	0.0	0.0	0.0	0.0	0.0	0.0	CTDSPL2, FRMD5, THBS1, DLL4	THBS1, FSIP1, GPR176, EIF2AK4, SRP14, BMF, BUB1B, BUB1B-PAK6, PAK6, C15orf56, ANKRD63, PLCB2, INAFM2, CCDC9B, PHGR1, DISP2, KNSTRN, IVD, BAHD1, CHST14, CCDC32, RPUSD2, KNL1, RAD51, RMDN3, GCHFR, DNAJC17, C15orf62, ZFYVE19, PPP1R14D, SPINT1, RHOV, VPS18, DLL4, CHAC1, INO80, EXD1, CHP1, OIP5, NUSAP1, NDUFAF1, RTF1, ITPKA, LTK, RPAP1, TYRO3, MGA, MAPKBP1, JMJD7-PLA2G4B, JMJD7, PLA2G4B, SPTBN5, EHD4, PLA2G4E, PLA2G4D, PLA2G4F, VPS39, TMEM87A, GANC, CAPN3, ZNF106, SNAP23, LRRC57, HAUS2, STARD9, CDAN1, TTBK2, UBR1, TMEM62, CCNDBP1, EPB42, TGM5, TGM7, LCMT2, ADAL, ZSCAN29, TUBGCP4, TP53BP1, MAP1A, PPIP5K1, CKMT1B, STRC, CATSPER2, CKMT1A, PDIA3, ELL3, SERF2, SERINC4, HYPK, MFAP1, WDR76, FRMD5, GOLM2, CTDSPL2, EIF3J, SPG11, PATL2, B2M, TRIM69, TERB2, SORD, DUOX2, DUOXA2, DUOXA1, DUOX1, SHF, SLC28A2, GATM, SPATA5L1, C15orf48, SLC30A4, BLOC1S6, SQOR
chr17_213852_1710243_DEL	chr17	213852	1710243	DEL	Uncertain significance	0.15	0.0	0.0	0.0	0.0	0.0	0.0	0.0	0.0	0.15	0.0	0.0	0.0	0.0	0.0	0.0	0.0	0.0	0.0	0.0	0.0	0.0	0.0	0.0	0.0	0.0	0.0	0.0	0.0	0.0	0.0	0.0	0.0	0.0	0.0	0.0	PRPF8, PITPNA, YWHAE	ABR, BHLHA9, TRARG1, YWHAE, CRK, MYO1C, INPP5K, PITPNA, SLC43A2, SCARF1, RILP, PRPF8, TLCD2, RPH3AL, C17orf97, RFLNB, VPS53, TLCD3A, GEMIN4, GLOD4, MRM3, NXN, TIMM22
chr20_8628148_11687353_DUP	chr20	8628148	11687353	DUP	Uncertain significance	0.00	0.0	0.0	0.0	0.0	0.0	0.0	0.0	0.0	0.0	0.0	0.0	0.0	0.0	0.0	0.0	0.0	0.0	0.0	0.0	0.0	0.0	0.0	0.0	0.0	0.0	0.0	0.0	0.0	0.0	0.0	0.0	0.0	0.0	0.0	0.0		ANKEF1, SNAP25, MKKS, SLX4IP, JAG1, PLCB1, PLCB4, LAMP5, PAK5
chr3_7146452_13637920_DEL	chr3	7146452	13637920	DEL	Pathogenic	2.05	0.0	1.0	0.0	0.0	0.0	0.0	0.0	0.0	0.15	0.0	0.0	0.0	0.0	0.9	0.0	0.0	0.0	0.0	0.0	0.0	0.0	0.0	0.0	0.0	0.0	0.0	0.0	0.0	0.0	0.0	0.0	0.0	0.0	0.0	0.0	SETD5, GRM7, VHL, SLC6A1, SRGAP3, BRPF1	FANCD2, FANCD2OS, BRK1, VHL, IRAK2, TATDN2, GHRL, SEC13, ATP2B2, SLC6A11, SLC6A1, HRH1, ATG7, VGLL4, TAMM41, SYN2, TIMP4, PPARG, TSEN2, MKRN2OS, MKRN2, RAF1, TMEM40, CAND2, RPL32, IQSEC1, NUP210, HDAC11, FBLN2, GRM7, LMCD1, SSUH2, CAV3, OXTR, RAD18, SRGAP3, THUMPD3, SETD5, LHFPL4, MTMR14, CPNE9, BRPF1, OGG1, CAMK1, TADA3, ARPC4-TTLL3, ARPC4, TTLL3, RPUSD3, CIDEC, JAGN1, IL17RE, IL17RC, CRELD1, PRRT3, EMC3
chr7_105761378_107973072_DUP	chr7	105761378	107973072	DUP	Uncertain significance	0.00	0.0	0.0	0.0	0.0	0.0	0.0	0.0	0.0	0.0	0.0	0.0	0.0	0.0	0.0	0.0	0.0	0.0	0.0	0.0	0.0	0.0	0.0	0.0	0.0	0.0	0.0	0.0	0.0	0.0	0.0	0.0	0.0	0.0	0.0	0.0		ATXN7L1, CDHR3, SYPL1, NAMPT, CCDC71L, PIK3CG, PRKAR2B, HBP1, COG5, GPR22, DUS4L, DUS4L-BCAP29, BCAP29, SLC26A4, CBLL1, SLC26A3, DLD, LAMB1
chr7_124746525_126904684_DUP	chr7	124746525	126904684	DUP	Uncertain significance	0.00	0.0	0.0	0.0	0.0	0.0	0.0	0.0	0.0	0.0	0.0	0.0	0.0	0.0	0.0	0.0	0.0	0.0	0.0	0.0	0.0	0.0	0.0	0.0	0.0	0.0	0.0	0.0	0.0	0.0	0.0	0.0	0.0	0.0	0.0	0.0		GPR37, C7orf77, POT1, GRM8
chr7_137014866_138596531_DUP	chr7	137014866	138596531	DUP	Uncertain significance	0.00	0.0	0.0	0.0	0.0	0.0	0.0	0.0	0.0	0.0	0.0	0.0	0.0	0.0	0.0	0.0	0.0	0.0	0.0	0.0	0.0	0.0	0.0	0.0	0.0	0.0	0.0	0.0	0.0	0.0	0.0	0.0	0.0	0.0	0.0	0.0		CHRM2, PTN, DGKI, CREB3L2, AKR1D1, TRIM24, SVOPL
chr7_13895866_15686403_DUP	chr7	13895866	15686403	DUP	Uncertain significance	0.00	0.0	0.0	0.0	0.0	0.0	0.0	0.0	0.0	0.0	0.0	0.0	0.0	0.0	0.0	0.0	0.0	0.0	0.0	0.0	0.0	0.0	0.0	0.0	0.0	0.0	0.0	0.0	0.0	0.0	0.0	0.0	0.0	0.0	0.0	0.0		ETV1, DGKB, AGMO, MEOX2
chr7_33257236_35253621_DUP	chr7	33257236	35253621	DUP	Uncertain significance	0.00	0.0	0.0	0.0	0.0	0.0	0.0	0.0	0.0	0.0	0.0	0.0	0.0	0.0	0.0	0.0	0.0	0.0	0.0	0.0	0.0	0.0	0.0	0.0	0.0	0.0	0.0	0.0	0.0	0.0	0.0	0.0	0.0	0.0	0.0	0.0		BBS9, BMPER, NPSR1, DPY19L1, TBX20
chr7_40316760_43887817_DUP	chr7	40316760	43887817	DUP	Uncertain significance	0.00	0.0	0.0	0.0	0.0	0.0	0.0	0.0	0.0	0.0	0.0	0.0	0.0	0.0	0.0	0.0	0.0	0.0	0.0	0.0	0.0	0.0	0.0	0.0	0.0	0.0	0.0	0.0	0.0	0.0	0.0	0.0	0.0	0.0	0.0	0.0		SUGCT, INHBA, GLI3, C7orf25, PSMA2, MRPL32, HECW1, STK17A, COA1, BLVRA, MRPS24, URGCP-MRPS24, URGCP
chr7_7234303_8435768_DUP	chr7	7234303	8435768	DUP	Uncertain significance	0.00	0.0	0.0	0.0	0.0	0.0	0.0	0.0	0.0	0.0	0.0	0.0	0.0	0.0	0.0	0.0	0.0	0.0	0.0	0.0	0.0	0.0	0.0	0.0	0.0	0.0	0.0	0.0	0.0	0.0	0.0	0.0	0.0	0.0	0.0	0.0		C1GALT1, COL28A1, MIOS, RPA3, UMAD1, GLCCI1, ICA1, NXPH1
chr7_79453020_80916782_DUP	chr7	79453020	80916782	DUP	Uncertain significance	0.00	0.0	0.0	0.0	0.0	0.0	0.0	0.0	0.0	0.0	0.0	0.0	0.0	0.0	0.0	0.0	0.0	0.0	0.0	0.0	0.0	0.0	0.0	0.0	0.0	0.0	0.0	0.0	0.0	0.0	0.0	0.0	0.0	0.0	0.0	0.0		MAGI2, GNAI1, GNAT3, CD36, SEMA3C
chr7_84999440_87219504_DUP	chr7	84999440	87219504	DUP	Uncertain significance	0.00	0.0	0.0	0.0	0.0	0.0	0.0	0.0	0.0	0.0	0.0	0.0	0.0	0.0	0.0	0.0	0.0	0.0	0.0	0.0	0.0	0.0	0.0	0.0	0.0	0.0	0.0	0.0	0.0	0.0	0.0	0.0	0.0	0.0	0.0	0.0		SEMA3D, GRM3, KIAA1324L, DMTF1, TMEM243
chr7_97984958_99976021_DUP	chr7	97984958	99976021	DUP	Uncertain significance	0.45	0.0	0.0	0.0	0.0	0.0	0.0	0.0	0.0	0.0	0.0	0.0	0.0	0.0	0.45	0.0	0.0	0.0	0.0	0.0	0.0	0.0	0.0	0.0	0.0	0.0	0.0	0.0	0.0	0.0	0.0	0.0	0.0	0.0	0.0	0.0		OCM2, LMTK2, BHLHA15, TECPR1, BRI3, BAIAP2L1, NPTX2, TMEM130, TRRAP, SMURF1, KPNA7, ARPC1A, ARPC1B, PDAP1, BUD31, PTCD1, ATP5MF-PTCD1, CPSF4, ATP5MF, ZNF789, ZNF394, ZKSCAN5, FAM200A, ZNF655, TMEM225B, ZSCAN25, CYP3A5, CYP3A7-CYP3A51P, CYP3A7, CYP3A4, CYP3A43, OR2AE1, TRIM4, GJC3, AZGP1
